{
  "generatedAt": "2026-07-19T01:17:01.908Z",
  "buildMode": "vite-preview-production",
  "browserName": "chromium",
  "dataset": {
    "bookmarks": 10000
  },
  "startup": {
    "samples": [
      402.3234000000002,
      222.98129999999992,
      219.0281,
      219.30700000000002,
      214.8693999999996
    ],
    "count": 5,
    "p50": 219.30700000000002,
    "p95": 402.3234000000002
  },
  "search": {
    "samples": [
      41.11499999999978,
      21.22550000000001,
      20.918099999999868,
      25.627100000000155,
      26.05709999999999,
      23.325900000000274,
      22.56730000000016,
      20.47569999999996,
      20.025000000000546,
      21.128099999999904,
      19.972999999999956,
      19.959100000000035,
      21.05069999999978,
      18.487500000000182,
      20.5015999999996
    ],
    "count": 15,
    "p50": 21.05069999999978,
    "p95": 41.11499999999978
  },
  "filter": {
    "samples": [
      34.114500000000135,
      28.81979999999976,
      27.80769999999984,
      23.897899999999936,
      29.409599999999955,
      23.26090000000022,
      27.22669999999971,
      25.873000000000047,
      28.269800000000032,
      28.810300000000097,
      28.20929999999953,
      22.65639999999985,
      28.1838000000007,
      29.035899999999856,
      29.624300000000403
    ],
    "count": 15,
    "p50": 28.20929999999953,
    "p95": 34.114500000000135
  },
  "viewSwitch": {
    "samples": [
      67.19999999925494,
      96.20000000111759,
      101.10000000149012,
      98.09999999962747,
      141.5,
      62.899999998509884,
      83.69999999925494,
      73.5,
      57.79999999888241,
      67.59999999962747,
      86.40000000037253,
      80.40000000037253,
      82.90000000037253,
      81,
      70.09999999962747
    ],
    "count": 15,
    "p50": 81,
    "p95": 141.5
  },
  "localSave": {
    "samples": [
      33.5,
      39.69999999925494,
      41.20000000111759,
      33.59999999962747,
      39.09999999962747,
      38.09999999962747,
      38,
      36.600000001490116,
      37.899999998509884,
      35,
      37,
      39.80000000074506,
      39.09999999962747,
      37.90000000037253,
      38.59999999962747
    ],
    "count": 15,
    "p50": 38,
    "p95": 41.20000000111759
  },
  "networkPending": {
    "milliseconds": 117.13580000000002
  }
}
